IncidentID,UnitNumber,PersonNo,PersonTypeCde,DeathDte,AgeAtIncident,Gender,IsOwner,WasTransported,InjurySeverityCde,InjuryLocationCde,PosInVehicleCde,RestraintUseCde,TrappedCde,EjectionCde,EjectionPathCde,SuspectedOfDrinking,TestOffered,TestRefused,TestedForCde,TestSentTo,TestResults,HasOpLicense,HasCDLicense,HasLicenseRestrictions,HasOpEndorsements,
31064384,,3,07,,,,,,,,,,,,,,,,,,,,,,,
31064384,,4,07,,,,,,,,,,,,,,,,,,,,,,,
31064384,,5,07,,,,,,,,,,,,,,,,,,,,,,,
31071624,,3,07,,67,,,,,,,,,,,,,,,,,,,,,
31116096,1,2,08,,,,True,False,,,,,,,,,,,,,,,,,,
31117256,,3,07,,,,,,,,,,,,,,,,,,,,,,,
31159084,,3,07,,,,,,,,,,,,,,,,,,,,,,,
31159084,,4,07,,,,,,,,,,,,,,,,,,,,,,,
31217432,,3,07,,57,,,,,,,,,,,,,,,,,,,,,
31213804,,4,07,,65,,,,,,,,,,,,,,,,,,,,,
31240780,,3,07,,29,,,,,,,,,,,,,,,,,,,,,
31240780,,4,07,,37,,,,,,,,,,,,,,,,,,,,,
31224854,,4,07,,,,,,,,,,,,,,,,,,,,,,,
31319171,,6,07,,57,,,,,,,,,,,,,,,,,,,,,
31319171,,7,07,,49,,,,,,,,,,,,,,,,,,,,,
31359704,,3,07,,,,,,,,,,,,,,,,,,,,,,,
31767364,,2,09,,,,,,,,,,,,,,,,,,,,,,,
31767364,2,3,01,,18,FEMALE,False,False,05,,11,01,01,01,01,False,False,,,,,True,False,False,False,
31463643,1,1,01,,68,FEMALE,True,False,05,,11,01,01,01,01,False,False,,,,,True,False,False,False,
31463643,2,2,03,,68,FEMALE,True,False,05,,,,01,01,01,,False,,,,,,,,,
31415354,,2,07,,33,FEMALE,,,,,,,,,,,,,,,,,,,,
31217432,2,2,03,,77,FEMALE,False,True,04,07,,,03,,,,False,,,,,,,,,
31361691,2,1,01,,25,FEMALE,False,False,05,,11,01,01,01,01,False,False,,,,,True,True,False,False,
31361691,2,2,08,,52,FEMALE,True,False,,,,,,,,,,,,,,,,,,
31319171,2,3,02,,43,FEMALE,False,False,05,,11,01,01,01,01,,,,,,,,,,,
31361691,,5,07,,23,FEMALE,,,,,,,,,,,,,,,,,,,,
31365999,1,1,03,,56,FEMALE,True,False,05,,,,01,01,01,,False,,,,,,,,,
31372966,,3,07,,27,FEMALE,,,,,,,,,,,,,,,,,,,,
31377294,1,1,01,,40,FEMALE,True,False,05,,11,01,01,01,01,False,False,,,,,True,False,False,False,
31377294,2,2,03,,23,FEMALE,False,False,05,,,,01,01,01,,False,,,,,,,,,
31372966,1,1,03,,43,FEMALE,False,True,03,08,,,01,01,01,,False,,,,,,,,,
31395549,2,2,05,,31,FEMALE,True,True,04,08,,07,01,01,01,,,,,,,,,,,
31359704,2,1,01,,53,FEMALE,True,False,05,,11,01,01,01,01,False,False,,,,,False,False,False,False,
31313190,1,1,03,,11,FEMALE,False,True,03,07,,,01,01,01,,False,,,,,,,,,
31313190,2,2,01,,37,FEMALE,True,False,05,,11,01,01,01,01,False,False,,,,,True,False,False,False,
31255242,1,3,02,,19,FEMALE,False,False,05,,13,01,01,01,01,,,,,,,,,,,
31255242,2,4,03,,75,FEMALE,True,True,03,07,,,01,01,01,,False,,,,,,,,,
31259872,1,1,01,,23,FEMALE,True,False,,,,01,01,01,01,,False,,,,,,,,,
31259872,2,2,03,,18,FEMALE,False,False,05,,,,01,01,01,,False,,,,,,,,,
31261721,1,1,01,,74,FEMALE,True,False,05,,11,01,01,01,01,False,False,,,,,True,False,False,False,
31255242,1,1,01,,19,FEMALE,False,False,05,,11,01,01,01,01,False,False,,,,,True,False,False,False,
31244262,1,1,03,,47,FEMALE,False,True,04,08,,,01,01,01,,,,,,,,,,,
31224854,1,2,08,,30,FEMALE,True,False,,,,,,,,,,,,,,,,,,
31225340,2,2,05,,36,FEMALE,True,True,03,08,,,01,01,01,,,,,,,,,,,
31169621,2,2,01,,49,FEMALE,True,False,05,,11,01,01,01,01,False,False,,,,,True,False,True,False,
31169621,,3,01,,49,FEMALE,,,,,,,,,,,,,,,,,,,,
31150920,2,2,03,,25,FEMALE,True,True,02,01,,,01,01,01,,False,,,,,,,,,
31150920,,3,07,,30,FEMALE,,,,,,,,,,,,,,,,,,,,
31150920,,4,07,,30,FEMALE,,,,,,,,,,,,,,,,,,,,
31116096,2,3,03,,54,FEMALE,False,True,03,01,,,01,01,01,,False,,,,,,,,,
31095330,2,1,03,,29,FEMALE,False,True,03,04,,,01,01,01,,False,,,,,,,,,
31071624,2,2,03,,33,FEMALE,False,True,03,01,,,01,01,01,,False,,,,,,,,,
31018118,2,2,03,,51,FEMALE,False,False,04,05,,,01,01,01,,False,,,,,,,,,
31064384,1,1,01,,41,FEMALE,True,False,05,,11,01,01,01,01,False,False,,,,,True,False,True,False,
31064384,2,2,03,,19,FEMALE,False,True,02,08,,,,,,,False,,,,,,,,,
31052362,1,1,05,,73,MALE,True,True,03,08,,07,01,01,01,,,,,,,,,,,
31052362,2,2,01,,73,MALE,True,False,05,,11,01,01,01,01,False,False,,,,,True,False,True,False,
31071624,1,1,01,,80,MALE,True,False,05,,11,01,01,01,01,False,False,,,,,True,False,False,False,
31018118,1,1,01,,47,MALE,True,False,05,,11,01,01,01,01,False,False,,,,,True,False,False,False,
31116096,1,1,01,,47,MALE,False,False,05,,11,01,01,01,01,False,False,,,,,True,True,False,False,
31117256,1,1,01,,35,MALE,True,False,05,,11,01,01,01,01,False,False,,,,,True,False,False,False,
31117256,2,2,03,,42,MALE,False,True,04,08,,,01,01,01,,False,,,,,,,,,
31150920,,5,07,,25,MALE,,,,,,,,,,,,,,,,,,,,
31159084,1,1,01,,25,MALE,True,False,05,,11,01,01,01,01,False,False,,,,,False,False,,,
31159084,2,2,03,,,MALE,False,True,,,,,01,01,01,,False,,,,,,,,,
31169621,1,1,05,,43,MALE,True,False,05,,,09,01,01,01,,,,,,,,,,,
31150513,2,1,05,,22,MALE,True,True,03,08,,07,01,01,01,,,,,,,,,,,
31150920,1,1,01,,18,MALE,True,False,05,,11,07,01,01,01,False,False,,,,,False,False,,,
31190266,2,1,03,,63,MALE,True,True,04,04,,,01,01,01,,False,,,,,,,,,
31213804,1,1,03,,,MALE,False,True,02,08,,,01,01,01,,False,,,,,,,,,
31213804,2,2,01,,18,MALE,True,False,05,,11,01,01,01,01,False,False,,,,,True,False,False,False,
31213804,2,3,02,,15,MALE,False,False,05,,13,01,01,01,01,,,,,,,,,,,
31217985,1,1,03,,32,MALE,False,True,02,08,,,01,01,01,,False,,,,,,,,,
31217985,2,2,01,,51,MALE,True,False,05,08,11,01,01,01,01,False,False,,,,,True,False,False,False,
31219447,1,1,05,,46,MALE,False,True,04,08,,07,01,01,01,,,,,,,,,,,
31219447,2,2,01,,52,MALE,True,False,05,,11,03,01,01,01,False,False,,,,,True,False,False,False,
31224854,1,1,01,,31,MALE,False,False,05,,11,01,01,01,01,False,False,,,,,True,False,False,False,
31238551,1,1,03,1/19/2023 12:00:00 AM,42,MALE,False,True,01,08,,,01,01,01,,True,False,03,AXIS FORENSIC TOXICOLOGY,546NG/ML METHAMPHETAMINE,,,,,
31238551,2,2,01,,29,MALE,True,False,05,,11,01,01,01,01,False,False,,,,,True,False,False,False,
31240780,1,1,01,,30,MALE,True,False,05,,11,01,01,01,01,False,False,,,,,True,False,False,False,
31240780,2,2,03,,22,MALE,False,False,05,,,,01,01,01,,False,,,,,,,,,
31224854,2,3,05,,22,MALE,False,True,03,08,,09,01,01,01,,,,,,,,,,,
31217432,1,1,01,,26,MALE,True,False,05,,11,01,01,01,01,False,False,,,,,True,False,False,False,
31244262,2,2,01,,49,MALE,True,False,05,,11,01,01,01,01,False,False,,,,,True,True,False,True,
31252805,2,1,03,,42,MALE,False,False,05,,,,01,01,01,,False,,,,,,,,,
31252805,1,2,02,,68,MALE,True,False,05,,,,01,01,01,,,,,,,,,,,
31255242,1,2,08,,61,MALE,True,False,,,,,,,,,,,,,,,,,,
31225340,1,1,01,,26,MALE,True,False,05,,11,01,01,01,01,False,False,,,,,True,False,False,False,
31261721,2,2,03,,60,MALE,True,False,05,,,,01,01,01,,False,,,,,,,,,
31287889,2,1,03,,50,MALE,False,True,03,08,,,01,01,01,,False,,,,,,,,,
31255242,,5,07,,42,MALE,,,,,,,,,,,,,,,,,,,,
31255242,,6,07,,69,MALE,,,,,,,,,,,,,,,,,,,,
31319171,1,1,05,,70,MALE,True,True,03,04,,06,01,01,01,,,,,,,,,,,
31319171,2,2,01,,45,MALE,True,False,05,,11,01,01,01,01,False,False,,,,,True,False,False,False,
31359704,1,2,03,,11,MALE,False,True,03,,,,01,01,01,,False,,,,,,,,,
31410463,2,1,03,,31,MALE,False,False,04,06,,,01,01,01,,False,,,,,,,,,
31415354,2,1,03,,85,MALE,False,False,05,,,,01,01,01,,False,,,,,,,,,
31372966,2,2,01,,44,MALE,True,False,05,,11,01,01,01,01,False,False,,,,,True,False,False,False,
31395549,1,1,01,,61,MALE,True,False,05,,11,01,01,01,01,False,False,,,,,True,False,False,False,
31365999,2,2,01,,19,MALE,True,False,05,,11,01,01,01,01,False,False,,,,,True,False,False,False,
31319171,2,4,02,,12,MALE,False,False,05,,21,01,01,01,01,,,,,,,,,,,
31319171,2,5,02,,10,MALE,False,False,05,,23,01,01,01,01,,,,,,,,,,,
31361691,1,3,03,,26,MALE,False,True,03,08,,,01,01,01,,False,,,,,,,,,
31361691,,4,07,,35,MALE,,,,,,,,,,,,,,,,,,,,
31462740,1,1,01,,47,MALE,True,False,05,,11,01,01,01,01,False,False,,,,,True,False,False,False,
31462740,2,2,03,,60,MALE,False,True,03,07,,,01,01,01,,False,,,,,,,,,
31463643,,3,03,,5,MALE,,,,,,,,,,,,,,,,,,,,
31463643,,4,07,,46,MALE,,,,,,,,,,,,,,,,,,,,
31767364,1,1,05,,45,MALE,True,True,04,08,,07,01,01,01,,,,,,,,,,,
31767364,2,4,08,,,MALE,True,False,,,,,,,,,,,,,,,,,,
31972219,2,1,01,,74,MALE,True,False,05,,11,01,01,01,01,False,False,,,,,True,False,False,False,
31972219,1,2,03,3/1/2023 12:00:00 AM,44,MALE,False,True,01,05,,,01,01,01,,False,,,,,,,,,
31476316,2,2,08,,,,True,False,,,,,,,,,,,,,,,,,,
31476316,,4,07,,,,,,,,,,,,,,,,,,,,,,,
31484666,2,3,08,,,,True,False,,,,,,,,,,,,,,,,,,
31514447,,3,07,,54,,,,,,,,,,,,,,,,,,,,,
31545460,1,2,08,,,,True,False,,,,,,,,,,,,,,,,,,
31547363,,3,07,,,,,,,,,,,,,,,,,,,,,,,
31639428,,3,07,,,,,,,,,,,,,,,,,,,,,,,
31704294,1,1,08,,,,True,False,,,,,,,,,,,,,,,,,,
31736286,,4,07,,44,,,,,,,,,,,,,,,,,,,,,
31787639,2,3,08,,,,True,False,,,,,,,,,,,,,,,,,,
31801582,,7,07,,,,,,,,,,,,,,,,,,,,,,,
31801582,,8,07,,,,,,,,,,,,,,,,,,,,,,,
31811020,,1,09,,,,,,,,,,,,,,,,,,,,,,,
31811020,1,3,08,,,,True,False,,,,,,,,,,,,,,,,,,
31811020,,5,07,,,,,,,,,,,,,,,,,,,,,,,
31547363,3,2,03,,2,FEMALE,True,True,04,08,,,01,01,01,,False,,,,,,,,,
31801582,2,6,08,,,FEMALE,True,False,05,,,,01,01,01,,,,,,,,,,,
31801762,1,1,01,,24,FEMALE,False,False,05,,11,02,01,01,01,False,False,,,,,True,False,True,False,
31801582,2,2,01,,41,FEMALE,False,False,05,,11,01,01,01,01,False,False,,,,,True,False,False,False,
31801582,2,3,02,,67,FEMALE,False,False,05,,13,01,01,01,01,,,,,,,,,,,
31787639,,5,07,,26,FEMALE,,,,,,,,,,,,,,,,,,,,
31789689,,3,07,,25,FEMALE,,,,,,,,,,,,,,,,,,,,
31789689,,4,07,,24,FEMALE,,,,,,,,,,,,,,,,,,,,
31736286,1,2,08,,58,FEMALE,True,False,,,,,,,,,,,,,,,,,,
31742558,1,1,05,,36,FEMALE,True,False,03,07,,07,01,01,01,,,,,,,,,,,
31742558,2,2,01,,20,FEMALE,True,False,05,,11,01,01,01,01,False,False,,,,,True,False,False,False,
31742558,2,4,02,,2,FEMALE,False,False,05,,21,01,01,01,01,,,,,,,,,,,
31918836,1,1,01,,67,FEMALE,True,False,05,,11,01,01,01,01,False,False,,,,,True,False,False,False,
31918836,2,2,03,,58,FEMALE,False,True,02,07,,,01,01,01,,False,,,,,,,,,
31802079,2,2,03,6/22/2023 12:00:00 AM,51,FEMALE,False,False,01,,,,01,01,01,,False,,,,,,,,,
31704294,2,2,03,,51,FEMALE,False,False,03,08,,,01,01,01,,False,,,,,,,,,
31704681,,2,07,,,FEMALE,,,,,,,,,,,,,,,,,,,,
31639428,1,1,01,,40,FEMALE,True,False,05,,11,01,01,01,01,False,False,,,,,True,False,True,False,
31639428,2,2,03,,15,FEMALE,False,False,05,,,,01,01,01,,False,,,,,,,,,
31693773,2,1,01,,35,FEMALE,True,False,05,,11,01,01,01,01,False,False,,,,,True,False,False,False,
31666278,1,1,01,,40,FEMALE,True,False,05,,11,01,01,01,01,False,False,,,,,True,False,False,False,
31594531,2,1,03,5/6/2023 12:00:00 AM,60,FEMALE,True,True,01,08,,,01,01,01,,False,,,,,,,,,
31595775,1,2,02,,23,FEMALE,True,False,05,,11,01,01,01,01,,,,,,,,,,,
31602288,1,1,01,,46,FEMALE,True,False,05,,11,01,01,01,01,False,False,,,,,True,False,False,False,
31602288,1,2,02,,14,FEMALE,False,False,05,,13,01,01,01,01,,,,,,,,,,,
31602288,2,3,03,,29,FEMALE,False,True,02,08,,,01,01,01,,False,,,,,,,,,
31598374,1,1,01,,59,FEMALE,True,False,05,,11,01,01,01,01,False,False,,,,,True,False,False,False,
31606102,1,1,03,5/6/2023 12:00:00 AM,31,FEMALE,False,True,01,08,,,01,01,01,,False,,,,,,,,,
31606102,2,2,01,,40,FEMALE,True,False,05,,11,01,01,01,01,False,False,,,,,False,False,,,
31614794,1,1,01,,20,FEMALE,True,False,05,,11,01,01,01,01,False,False,,,,,True,False,False,False,
31614794,1,2,02,,1,FEMALE,False,False,05,,21,11,01,01,01,,,,,,,,,,,
31614794,2,3,03,,22,FEMALE,False,True,03,08,,,,,,,False,,,,,,,,,
31555923,1,1,01,,58,FEMALE,True,False,05,,11,01,01,01,01,False,False,,,,,True,False,False,False,
31545460,2,3,03,,41,FEMALE,True,True,03,08,,,01,01,01,,False,,,,,,,,,
31560938,1,1,01,,33,FEMALE,True,False,05,,11,01,01,01,01,False,False,,,,,True,False,False,False,
31560938,2,2,03,,52,FEMALE,True,False,05,,,,01,01,01,,False,,,,,,,,,
31576403,1,1,01,,40,FEMALE,True,False,05,,11,01,01,01,01,True,True,True,01,,REFUSED,True,False,False,False,
31576403,2,2,03,,43,FEMALE,False,False,05,,,,01,01,01,,False,,,,,,,,,
31529708,1,2,02,,49,FEMALE,False,False,05,,13,01,01,01,01,,,,,,,,,,,
31529708,,6,07,,25,FEMALE,,,,,,,,,,,,,,,,,,,,
31529708,,7,07,,29,FEMALE,,,,,,,,,,,,,,,,,,,,
31536690,1,1,01,,31,FEMALE,True,False,05,,11,01,01,01,01,False,False,,,,,True,False,False,False,
31517865,2,2,01,,24,FEMALE,True,False,05,,11,01,01,01,01,False,False,,,,,True,False,False,False,
31484666,,4,07,,52,FEMALE,,,,,,,,,,,,,,,,,,,,
31476316,2,1,01,,69,FEMALE,False,False,05,,11,01,01,01,01,False,False,,,,,True,True,False,False,
31514447,2,2,03,,20,FEMALE,False,False,05,,,,01,01,01,,False,,,,,,,,,
31484666,1,1,05,,50,FEMALE,True,True,03,08,,,01,01,01,,,,,,,,,,,
31476316,1,3,03,,39,FEMALE,True,True,02,07,,,01,01,01,,False,,,,,,,,,
31485666,2,2,01,,17,FEMALE,False,False,05,,11,01,01,01,01,False,False,,,,,True,False,False,False,
31485666,2,3,08,,55,MALE,True,False,,,,,01,01,01,,,,,,,,,,,
31501883,1,1,03,,19,MALE,False,False,03,07,,,01,01,01,,False,,,,,,,,,
31501883,2,2,03,,18,MALE,False,False,04,06,,,01,01,01,,False,,,,,,,,,
31501883,3,3,03,,19,MALE,False,False,,,,,01,01,01,,False,,,,,,,,,
31501883,4,4,01,,44,MALE,True,False,05,,11,03,01,01,01,False,False,,,,,True,False,False,False,
31514447,1,1,01,,22,MALE,True,False,05,,11,01,01,01,01,False,False,,,,,True,False,False,False,
31484666,2,2,01,,27,MALE,False,False,05,,11,01,01,01,01,False,False,,,,,True,False,False,False,
31485666,1,1,05,,57,MALE,True,False,05,,,07,01,01,01,,,,,,,,,,,
31529708,1,1,01,,57,MALE,True,False,05,,11,01,01,01,01,False,False,,,,,True,False,False,False,
31517865,1,1,05,,38,MALE,True,False,05,,,06,01,01,01,,,,,,,,,,,
31536690,2,2,03,,,MALE,True,True,03,07,,,01,01,01,,False,,,,,,,,,
31545460,1,1,01,,29,MALE,False,False,05,,11,01,01,01,01,False,False,,,,,True,False,False,False,
31529708,1,3,02,,13,MALE,False,False,05,,21,01,01,01,01,,,,,,,,,,,
31529708,2,4,05,,11,MALE,False,True,03,08,,07,01,01,01,,,,,,,,,,,
31529708,,5,07,,11,MALE,,,,,,,,,,,,,,,,,,,,
31587087,1,1,01,,23,MALE,False,False,05,,11,01,01,01,01,False,False,,,,,True,False,True,False,
31587087,1,2,08,,56,MALE,True,False,,,,,,,,,,,,,,,,,,
31587087,2,3,05,,37,MALE,False,False,03,07,,09,01,01,01,,,,,,,,,,,
31547363,2,1,03,,53,MALE,True,True,04,07,,,01,01,01,,False,,,,,,,,,
31555923,2,2,03,,23,MALE,False,False,05,,,,01,01,01,,False,,,,,,,,,
31624151,1,1,01,,65,MALE,True,False,05,,11,01,01,01,01,False,False,,,,,True,False,False,False,
31624151,2,2,05,,24,MALE,True,False,05,,,,01,01,01,,,,,,,,,,,
31606102,,3,07,,54,MALE,,,,,,,,,,,,,,,,,,,,
31598374,2,2,03,,63,MALE,False,False,05,,,,01,01,01,,False,,,,,,,,,
31602288,,4,07,,22,MALE,,,,,,,,,,,,,,,,,,,,
31602288,,5,07,,61,MALE,,,,,,,,,,,,,,,,,,,,
31595775,2,3,03,,33,MALE,False,False,05,,,,01,01,01,,False,,,,,,,,,
31595775,1,1,01,,23,MALE,False,False,05,,11,01,01,01,01,False,False,,,,,True,False,False,False,
31666278,2,2,03,,,MALE,False,False,05,,,,01,01,01,,False,,,,,,,,,
31678021,1,1,01,,59,MALE,True,False,05,,11,01,01,01,01,False,False,,,,,True,False,True,False,
31678021,2,2,05,,63,MALE,False,False,05,,,07,01,01,01,,,,,,,,,,,
31684060,1,1,01,,17,MALE,False,False,05,,11,01,01,01,01,False,False,,,,,True,False,False,False,
31684060,1,2,08,,50,MALE,True,False,,,,,,,,,,,,,,,,,,
31684060,2,3,05,,18,MALE,True,False,03,07,,06,01,01,01,,,,,,,,,,,
31693773,1,2,05,,41,MALE,True,False,05,,,07,01,01,01,,,,,,,,,,,
31736286,2,1,05,,26,MALE,True,False,05,,,06,01,01,01,,,,,,,,,,,
31704681,2,1,05,,67,MALE,True,True,04,08,,06,01,01,01,,,,,,,,,,,
31918836,,3,07,,59,MALE,,,,,,,,,,,,,,,,,,,,
31787639,1,1,03,,36,MALE,False,True,02,08,,,01,01,01,,False,,,,,,,,,
31787639,2,2,01,,41,MALE,False,False,05,,11,01,01,01,01,False,False,,,,,True,True,False,False,
31742558,2,3,02,,22,MALE,False,False,05,,13,01,01,01,01,,,,,,,,,,,
31736286,1,3,01,,61,MALE,False,False,05,,11,,01,01,01,False,False,,,,,True,False,False,False,
31736286,,5,07,,,MALE,,,,,,,,,,,,,,,,,,,,
31797022,1,1,01,,20,MALE,True,False,05,,11,01,01,01,01,False,False,,,,,True,False,False,False,
31797022,2,2,05,,38,MALE,True,True,03,08,,07,01,01,01,,,,,,,,,,,
31801582,1,1,05,,35,MALE,True,True,02,08,,07,01,01,01,,,,,,,,,,,
31789689,1,1,01,,22,MALE,True,False,05,,11,01,01,01,01,False,False,,,,,True,False,False,False,
31789689,2,2,03,,68,MALE,False,True,02,08,,,01,01,01,,False,,,,,,,,,
31787639,3,4,01,,60,MALE,True,False,05,,11,01,01,01,01,False,False,,,,,True,False,False,False,
31801582,2,4,02,,3,MALE,False,False,05,,21,10,01,01,01,,,,,,,,,,,
31801582,2,5,02,,4,MALE,False,False,05,,13,10,01,01,01,,,,,,,,,,,
31801762,1,2,08,,32,MALE,True,False,,,,,,,,,,,,,,,,,,
31801762,2,3,03,4/12/2023 12:00:00 AM,73,MALE,False,True,01,01,,,01,01,01,,False,,,,,,,,,
31802079,1,1,01,,69,MALE,True,False,05,,11,,01,01,01,False,False,,,,,True,False,False,False,
31811020,1,2,01,,44,MALE,False,False,05,,11,01,01,01,01,False,False,,,,,False,False,,,
31828154,2,1,05,,33,MALE,True,True,03,08,,07,01,01,01,,,,,,,,,,,
31811020,2,4,05,,38,MALE,True,True,03,02,,06,01,01,01,,,,,,,,,,,
31867708,,4,07,,,,,,,,,,,,,,,,,,,,,,,
31879096,,1,09,,,,,,,,,,,,,,,,,,,,,,,
31908284,2,3,08,,,,True,False,,,,,,,,,,,,,,,,,,
31938728,2,3,08,,48,,True,False,,,,,,,,,,,,,,,,,,
31938728,,4,07,,40,,,,,,,,,,,,,,,,,,,,,
31938728,,5,07,,45,,,,,,,,,,,,,,,,,,,,,
31918147,,2,09,,,,,,,,,,,,,,,,,,,,,,,
32048776,,3,07,,45,,,,,,,,,,,,,,,,,,,,,
32048954,,1,09,,,,,,,,,,,,,,,,,,,,,,,
32052168,,3,07,,,,,,,,,,,,,,,,,,,,,,,
32052168,,4,07,,,,,,,,,,,,,,,,,,,,,,,
32060011,,3,07,,52,,,,,,,,,,,,,,,,,,,,,
32115959,,3,07,,,,,,,,,,,,,,,,,,,,,,,
32115959,,4,07,,,,,,,,,,,,,,,,,,,,,,,
32091355,2,3,08,,,,True,False,,,,,,,,,,,,,,,,,,
32130328,1,1,08,,,,True,False,,,,,,,,,,,,,,,,,,
32130328,,3,07,,39,,,,,,,,,,,,,,,,,,,,,
32130962,1,2,08,,,,True,False,,,,,,,,,,,,,,,,,,
32192773,,3,07,,,,,,,,,,,,,,,,,,,,,,,
32156029,,3,07,,,,,,,,,,,,,,,,,,,,,,,
32260502,2,3,08,,,,True,False,,,,,,,,,,,,,,,,,,
32263586,2,2,08,,,,True,False,,,,,,,,,,,,,,,,,,
32266787,1,2,08,,,,True,False,,,,,,,,,,,,,,,,,,
32266787,,4,07,,,,,,,,,,,,,,,,,,,,,,,
32266787,,5,07,,,,,,,,,,,,,,,,,,,,,,,
32318741,2,2,08,,,,True,False,,,,,,,,,,,,,,,,,,
32318741,2,3,01,,33,FEMALE,False,False,05,,11,01,01,01,01,False,False,,,,,True,True,False,False,
32411243,1,1,01,,37,FEMALE,True,False,05,,11,02,01,01,01,True,False,,,,,True,False,True,False,
32411243,,4,07,,56,FEMALE,,,,,,,,,,,,,,,,,,,,
32411243,,5,07,,37,FEMALE,,,,,,,,,,,,,,,,,,,,
32115959,2,2,03,,23,FEMALE,False,True,03,08,,,01,01,01,,False,,,,,,,,,
32684330,2,2,01,,40,FEMALE,True,False,04,03,11,01,01,01,01,False,False,,,,,True,False,True,False,
32270729,2,2,01,,42,FEMALE,True,False,05,,11,01,01,01,01,False,False,,,,,True,False,False,False,
32263586,1,1,03,,18,FEMALE,True,True,02,08,,,01,01,01,,False,,,,,,,,,
32232760,1,1,01,,24,FEMALE,True,False,05,,11,01,01,01,01,False,False,,,,,True,False,False,False,
32232760,,3,07,,42,FEMALE,,,,,,,,,,,,,,,,,,,,
32239670,1,1,01,,22,FEMALE,True,False,05,,11,01,01,01,01,False,False,,,,,True,False,False,False,
32207827,2,2,01,,59,FEMALE,True,False,05,,11,01,01,01,01,False,False,,,,,True,False,False,False,
32207827,,3,07,,34,FEMALE,,,,,,,,,,,,,,,,,,,,
32199546,2,2,01,,19,FEMALE,True,False,05,,11,01,01,01,01,False,False,,,,,True,False,False,False,
32193775,1,1,02,,73,FEMALE,False,False,05,,13,01,01,01,01,,,,,,,,,,,
32193775,1,2,01,,51,FEMALE,True,False,05,,11,01,01,01,01,False,False,,,,,True,False,True,False,
32193775,,4,07,,50,FEMALE,,,,,,,,,,,,,,,,,,,,
32132864,3,2,01,,56,FEMALE,True,False,05,,11,01,01,01,01,False,False,,,,,True,False,False,False,
32169990,1,1,01,,30,FEMALE,True,False,05,,11,01,01,01,01,False,False,,,,,True,False,False,False,
32114288,2,1,05,,21,FEMALE,True,False,03,08,,06,01,01,01,,,,,,,,,,,
32123885,2,2,03,,20,FEMALE,False,True,03,07,,,01,01,01,,False,,,,,,,,,
32123885,,3,07,,53,FEMALE,,,,,,,,,,,,,,,,,,,,
32122760,1,1,01,,50,FEMALE,True,False,05,,11,01,01,01,01,False,False,,,,,True,False,False,False,
32091355,1,1,03,,52,FEMALE,True,True,03,01,,,01,01,01,,False,,,,,,,,,
32052196,1,1,03,,66,FEMALE,False,True,04,07,,,01,01,01,,False,,,,,,,,,
32048776,1,1,01,,57,FEMALE,True,False,05,,11,01,01,01,01,False,False,,,,,True,False,False,False,
31938728,2,2,01,,30,FEMALE,False,False,05,,11,01,01,01,01,False,False,,,,,True,False,False,False,
32052168,2,2,01,,19,FEMALE,True,False,05,,11,01,01,01,01,False,False,,,,,True,False,False,False,
32054003,1,1,01,,44,FEMALE,True,False,05,,11,01,01,01,01,False,False,,,,,True,False,False,False,
32054003,1,2,02,,,FEMALE,False,False,05,,13,01,01,01,01,,,,,,,,,,,
32059164,1,1,01,,33,FEMALE,True,False,05,,11,01,01,01,01,False,False,,,,,True,False,False,False,
31918147,2,3,01,,63,FEMALE,True,False,05,,11,01,01,01,01,False,False,,,,,True,False,False,False,
31936001,1,1,01,,77,FEMALE,True,False,05,,11,01,01,01,01,False,False,,,,,True,False,False,False,
31936001,2,2,03,,8,FEMALE,False,False,03,01,,,,,,,False,,,,,,,,,
32020305,1,2,02,,69,FEMALE,False,False,05,,13,01,01,01,01,,,,,,,,,,,
32020305,2,3,03,,42,FEMALE,False,True,03,08,,,01,01,01,,False,,,,,,,,,
31909312,2,2,01,,67,FEMALE,True,False,05,,11,01,01,01,01,False,False,,,,,True,False,False,False,
31909312,,3,07,,37,FEMALE,,,,,,,,,,,,,,,,,,,,
31905333,,3,07,,62,FEMALE,,,,,,,,,,,,,,,,,,,,
31886710,2,3,02,,33,FEMALE,False,False,05,,13,01,01,01,01,,,,,,,,,,,
31886710,2,4,02,,14,FEMALE,False,False,05,,21,01,01,01,01,,,,,,,,,,,
31905333,1,1,03,,51,FEMALE,True,False,05,,,,01,01,01,,False,,,,,,,,,
31867708,2,3,02,,8,FEMALE,False,False,05,,23,11,01,01,01,,,,,,,,,,,
31867177,2,2,03,,29,FEMALE,False,True,04,08,,,01,01,01,,False,,,,,,,,,
31867177,,3,07,,58,FEMALE,,,,,,,,,,,,,,,,,,,,
31867177,,4,07,,43,FEMALE,,,,,,,,,,,,,,,,,,,,
31867708,1,1,03,,16,FEMALE,False,True,03,07,,,01,01,01,,False,,,,,,,,,
31867708,2,2,01,,37,MALE,True,False,05,,11,01,01,01,01,False,False,,,,,True,False,False,False,
31867177,1,1,01,,65,MALE,True,False,05,,11,09,01,01,01,False,False,,,,,True,False,False,False,
31871854,1,1,03,,35,MALE,True,False,04,08,,,01,01,01,,False,,,,,,,,,
31871854,2,2,01,,23,MALE,True,False,05,,11,01,01,01,01,False,False,,,,,True,False,False,False,
31905333,2,2,01,,47,MALE,True,False,05,,11,01,01,01,01,False,False,,,,,True,False,False,False,
31886710,2,5,02,,,MALE,False,False,05,,23,01,01,01,01,,,,,,,,,,,
31879096,1,2,01,,71,MALE,False,False,05,,11,01,01,01,01,False,False,,,,,True,False,False,False,
31879096,1,3,08,,41,MALE,True,False,,,,,,,,,,,,,,,,,,
31879096,2,4,05,,66,MALE,True,False,03,08,,06,01,01,01,,,,,,,,,,,
31886710,1,1,03,,22,MALE,False,True,04,08,,,01,01,01,,,,,,,,,,,
31886710,2,2,01,,52,MALE,True,False,05,,11,01,01,01,01,False,False,,,,,True,False,False,False,
31905333,,4,07,,25,MALE,,,,,,,,,,,,,,,,,,,,
31905333,,5,07,,56,MALE,,,,,,,,,,,,,,,,,,,,
31908284,1,1,03,7/17/2023 12:00:00 AM,27,MALE,True,True,01,08,,,01,01,01,,False,,,,,,,,,
31908284,2,2,01,,71,MALE,False,False,05,,11,01,01,01,01,False,False,,,,,True,True,False,False,
31918147,1,1,05,,36,MALE,True,False,04,07,,07,01,01,01,,,,,,,,,,,
31908284,,4,07,,39,MALE,,,,,,,,,,,,,,,,,,,,
31909312,1,1,03,,12,MALE,False,True,03,07,,,01,01,01,,False,,,,,,,,,
31986858,1,1,03,7/26/2023 12:00:00 AM,67,MALE,False,True,01,08,,,01,01,01,,False,,,,,,,,,
31986858,2,2,01,,41,MALE,False,False,05,,11,01,01,01,01,False,False,,,,,True,False,True,False,
31986858,2,3,08,,69,MALE,True,False,,,,,,,,,,,,,,,,,,
32011719,2,1,03,,32,MALE,False,True,03,,,,01,01,01,,False,,,,,,,,,
32019008,2,1,05,,27,MALE,True,False,05,,,06,01,01,01,,,,,,,,,,,
32020305,1,1,01,,68,MALE,True,False,05,,11,01,01,01,01,False,False,,,,,True,False,False,False,
32020895,1,1,03,,4,MALE,False,False,05,,,,01,01,01,,False,,,,,,,,,
32020895,2,2,01,,66,MALE,True,False,05,,11,01,01,01,01,False,False,,,,,True,False,False,False,
32026475,1,1,03,,40,MALE,False,True,03,08,,,01,01,01,,,,,,,,,,,
32026475,2,2,01,,23,MALE,True,False,05,,11,01,01,01,01,False,False,,,,,True,False,False,False,
32026475,,3,07,,52,MALE,,,,,,,,,,,,,,,,,,,,
32043249,1,1,03,8/12/2023 12:00:00 AM,52,MALE,False,False,01,08,,,01,01,01,,False,,,,,,,,,
32043249,2,2,01,,40,MALE,True,False,05,,11,01,01,01,01,True,True,False,01,KSP LAB,.194,True,False,True,False,
31938728,1,1,03,,33,MALE,False,True,03,08,,,01,01,01,,False,,,,,,,,,
32048954,1,2,05,,16,MALE,False,True,04,06,,07,01,01,01,,,,,,,,,,,
32048954,2,3,01,,54,MALE,True,False,05,,11,01,01,01,01,False,False,,,,,True,False,False,False,
32048954,2,4,02,,,MALE,False,False,05,,13,01,01,01,01,,,,,,,,,,,
32052168,1,1,05,,40,MALE,True,True,04,07,,07,01,01,01,,,,,,,,,,,
32059164,2,2,03,,71,MALE,False,False,04,07,,,01,01,01,,False,,,,,,,,,
32060011,1,1,01,,29,MALE,True,False,05,,11,01,01,01,01,False,False,,,,,True,False,False,False,
32060011,2,2,03,,48,MALE,True,True,04,07,,,01,01,01,,False,,,,,,,,,
32054003,2,3,05,,65,MALE,True,True,04,01,,06,01,01,01,,,,,,,,,,,
32056807,1,1,03,8/13/2023 12:00:00 AM,27,MALE,False,True,01,08,,,01,01,01,,False,,,,,,,,,
32056807,2,2,01,,31,MALE,False,False,05,,11,,01,01,01,True,True,False,03,KSP LAB,PENDING,True,False,False,False,
32056807,2,3,02,,29,MALE,True,False,05,,,,01,01,01,,,,,,,,,,,
32048776,2,2,03,,58,MALE,False,True,03,07,,,01,01,01,,False,,,,,,,,,
32052196,2,2,01,,36,MALE,True,False,05,,11,01,01,01,01,False,False,,,,,True,False,False,False,
32091355,2,2,01,,57,MALE,False,False,05,,11,01,01,01,01,False,False,,,,,True,False,False,False,
32084999,1,1,01,,75,MALE,True,False,05,,11,01,01,01,01,False,False,,,,,True,False,False,False,
32084999,2,2,03,,7,MALE,False,True,03,07,,,01,01,01,,False,,,,,,,,,
32122760,1,2,02,,14,MALE,False,False,05,,23,01,01,01,01,,,,,,,,,,,
32122760,2,3,03,,27,MALE,True,True,04,08,,,01,01,01,,False,,,,,,,,,
32123885,1,1,01,,48,MALE,True,False,05,,11,01,01,01,01,False,False,,,,,True,False,False,False,
32115959,1,1,01,,28,MALE,True,False,05,,11,01,01,01,01,False,False,,,,,True,False,False,False,
32130962,1,1,01,,29,MALE,False,False,05,,11,01,01,01,01,False,False,,,,,True,False,False,False,
32130328,2,2,03,,55,MALE,False,True,04,08,,,01,01,01,,,,,,,,,,,
32169990,2,2,05,,19,MALE,True,False,05,,,,01,01,01,,,,,,,,,,,
32192773,1,1,01,,63,MALE,True,False,05,,11,01,01,01,01,False,False,,,,,True,False,False,False,
32192773,2,2,03,,64,MALE,False,True,04,07,,,01,01,01,,False,,,,,,,,,
32156029,1,1,01,,26,MALE,True,False,05,,11,01,01,01,01,False,False,,,,,True,False,False,False,
32156029,2,2,05,,18,MALE,True,True,03,01,,07,01,01,01,,,,,,,,,,,
32130962,2,3,03,,61,MALE,True,False,05,,,,01,01,01,,False,,,,,,,,,
32132864,2,1,01,,67,MALE,True,False,05,,11,01,01,01,01,False,False,,,,,True,False,False,False,
32197504,1,1,01,,46,MALE,False,False,05,,11,01,01,01,01,False,False,,,,,False,False,,,
32197504,1,2,02,,53,MALE,True,False,05,,13,01,01,01,01,,,,,,,,,,,
32197504,2,3,05,,,MALE,False,False,05,,,01,01,01,01,,,,,,,,,,,
32197974,1,1,03,9/15/2023 12:00:00 AM,37,MALE,True,True,01,,,,01,01,01,,False,,,,,,,,,
32199546,1,1,05,,35,MALE,True,False,05,,,01,01,01,01,,,,,,,,,,,
32193775,2,3,03,,,MALE,False,True,03,06,,,01,01,01,,False,,,,,,,,,
32199546,2,3,02,,,MALE,False,False,05,,13,01,01,01,01,,,,,,,,,,,
32204875,2,1,03,,15,MALE,False,True,03,01,,,01,01,01,,False,,,,,,,,,
32207827,1,1,05,,12,MALE,True,False,05,,,01,01,01,01,,,,,,,,,,,
32221860,1,1,03,,60,MALE,True,True,03,05,,,01,01,01,,False,,,,,,,,,
32160171,2,1,01,,17,MALE,True,False,05,,11,01,01,01,01,False,False,,,,,True,False,False,False,
32160171,1,2,03,9/2/2023 12:00:00 AM,20,MALE,False,False,01,08,,,01,01,01,,False,,,,,,,,,
32239670,2,2,05,,11,MALE,False,False,05,,,06,01,01,01,,,,,,,,,,,
32260502,1,1,05,,22,MALE,True,True,03,08,,09,01,01,01,,,,,,,,,,,
32260502,2,2,01,,42,MALE,False,False,05,,11,01,01,01,01,False,False,,,,,True,False,False,False,
32232760,2,2,05,,54,MALE,False,False,03,08,,06,01,01,01,,,,,,,,,,,
32270729,,3,07,,,MALE,,,,,,,,,,,,,,,,,,,,
32318741,1,1,03,,20,MALE,True,False,03,01,,,01,01,01,,False,,,,,,,,,
32270729,1,1,03,,23,MALE,True,True,03,08,,,01,01,01,,False,,,,,,,,,
32266787,1,1,01,,47,MALE,False,False,05,,11,01,01,01,01,False,False,,,,,True,False,False,False,
32684330,1,1,03,9/29/2023 12:00:00 AM,30,MALE,False,False,01,08,,,01,01,01,,True,False,03,AXIS,.185 ALCOHOL AND THC,,,,,
32411243,2,2,03,10/13/2023 12:00:00 AM,64,MALE,False,True,01,08,,,01,01,01,,False,,,,,,,,,
32411243,,3,07,,62,MALE,,,,,,,,,,,,,,,,,,,,
32266787,2,3,03,,,UNKNOWN,True,True,02,08,,,01,01,01,,False,,,,,,,,,
32290207,2,3,08,,,,True,False,,,,,,,,,,,,,,,,,,
32290207,,4,07,,,,,,,,,,,,,,,,,,,,,,,
32290207,,5,07,,,,,,,,,,,,,,,,,,,,,,,
32385868,,4,07,,,,,,,,,,,,,,,,,,,,,,,
32354818,,3,07,,,,,,,,,,,,,,,,,,,,,,,
32410908,,3,08,,,,,,,,,,,,,,,,,,,,,,,
32439584,,5,07,,,,,,,,,,,,,,,,,,,,,,,
32460071,,3,07,,,,,,,,,,,,,,,,,,,,,,,
32460071,,4,07,,,,,,,,,,,,,,,,,,,,,,,
32460071,,5,07,,,,,,,,,,,,,,,,,,,,,,,
32442128,1,2,08,,,,True,False,,,,,,,,,,,,,,,,,,
32553809,,3,07,,,,,,,,,,,,,,,,,,,,,,,
32553809,,4,07,,24,,,,,,,,,,,,,,,,,,,,,
32553809,,5,07,,37,,,,,,,,,,,,,,,,,,,,,
32573419,2,3,08,,,,True,False,,,,,,,,,,,,,,,,,,
32573419,,4,07,,34,,,,,,,,,,,,,,,,,,,,,
32582594,,3,07,,,,,,,,,,,,,,,,,,,,,,,
32615684,,4,07,,,,,,,,,,,,,,,,,,,,,,,
32751520,2,3,08,,,,True,False,,,,,,,,,,,,,,,,,,
32672739,3,5,08,,64,FEMALE,True,False,,,,,,,,,,,,,,,,,,
32751520,1,1,03,11/21/2023 12:00:00 AM,44,FEMALE,False,True,01,08,,,01,01,01,,False,,,,,,,,,
32751520,2,2,01,,26,FEMALE,False,False,05,,11,01,01,01,01,False,False,,,,,True,False,False,False,
32672739,1,1,03,11/17/2023 12:00:00 AM,57,FEMALE,False,False,01,08,,,01,01,01,,True,False,03,CORONER,ETHANOL GABAPENTIN 7-AMINOCLONAZEPAMCLONAZEPAM+,,,,,
32636403,2,2,01,,27,FEMALE,True,False,05,,11,01,01,01,01,False,False,,,,,True,False,False,False,
32637611,1,2,02,,71,FEMALE,False,False,05,,11,01,01,01,01,,,,,,,,,,,
32639950,2,2,01,,32,FEMALE,True,False,05,,11,01,01,01,01,False,False,,,,,True,False,False,False,
32639950,2,3,02,,11,FEMALE,False,False,05,,13,01,01,01,01,,,,,,,,,,,
32631613,1,1,03,,57,FEMALE,False,True,04,07,,,01,01,01,,False,,,,,,,,,
32631613,2,2,01,,62,FEMALE,True,False,05,,11,01,01,01,01,False,False,,,,,True,False,False,False,
32609097,2,3,05,,24,FEMALE,False,False,05,,,09,01,01,01,,,,,,,,,,,
32615684,1,1,03,,13,FEMALE,False,True,03,04,,,01,01,01,,False,,,,,,,,,
32615684,2,2,01,,73,FEMALE,True,False,05,,11,01,01,01,01,False,False,,,,,True,False,True,False,
32600421,2,2,03,12/15/2023 12:00:00 AM,33,FEMALE,False,True,01,08,,,01,01,01,,False,,,,,,,,,
32606829,2,3,02,,27,FEMALE,False,False,05,,23,01,01,01,01,,,,,,,,,,,
32609097,1,1,02,,28,FEMALE,False,False,05,,13,01,01,01,01,,,,,,,,,,,
32354818,2,2,03,,30,FEMALE,True,True,02,07,,,01,01,01,,False,,,,,,,,,
32582594,2,2,05,,24,FEMALE,True,True,03,07,,07,01,01,01,,,,,,,,,,,
32584212,2,2,01,,18,FEMALE,False,False,05,,11,01,01,01,01,False,False,,,,,True,False,False,False,
32584212,,4,07,,,FEMALE,,,,,,,,,,,,,,,,,,,,
32529812,4,4,03,,6,FEMALE,True,True,04,01,,,01,01,01,,False,,,,,,,,,
32556652,,3,07,,,FEMALE,,,,,,,,,,,,,,,,,,,,
32556652,1,1,01,,69,FEMALE,True,False,05,,11,01,01,01,01,False,False,,,,,True,False,False,False,
32541193,1,3,02,,11,FEMALE,False,False,05,,22,01,01,01,01,,,,,,,,,,,
32541193,2,4,03,,13,FEMALE,False,True,03,06,,,01,01,01,,False,,,,,,,,,
32553809,1,1,01,,23,FEMALE,True,False,05,,11,01,01,01,01,False,False,,,,,True,False,False,False,
32534135,2,2,03,,29,FEMALE,False,True,03,06,,,01,01,01,,False,,,,,,,,,
32534135,,3,07,,39,FEMALE,,,,,,,,,,,,,,,,,,,,
32534137,2,2,03,,21,FEMALE,False,False,05,,,,01,01,01,,False,,,,,,,,,
32541189,1,1,01,,55,FEMALE,True,False,05,,11,01,01,01,01,False,False,,,,,True,False,False,False,
32541189,2,2,03,,60,FEMALE,True,True,03,08,,,01,01,01,,False,,,,,,,,,
32541193,1,1,01,,48,FEMALE,True,False,05,,11,01,01,01,01,False,False,,,,,True,False,False,False,
32515215,1,1,03,10/23/2023 12:00:00 AM,60,FEMALE,False,True,01,08,,,01,01,01,,True,False,03,CORONER,METHAMPHETAMINE BENZOYLECGONINE AND COCAINE,,,,,
32515215,2,2,01,,49,FEMALE,True,False,05,,11,01,01,01,01,False,False,,,,,True,False,True,False,
32529812,1,1,01,,90,FEMALE,True,False,05,,11,01,01,01,01,False,False,,,,,True,False,False,False,
32460664,2,1,03,,59,FEMALE,True,True,,,,,01,01,01,,False,,,,,,,,,
32466283,1,1,08,,66,FEMALE,True,False,,,,,,,,,,,,,,,,,,
32466283,2,2,03,,22,FEMALE,False,False,03,08,,,01,01,01,,False,,,,,,,,,
32468515,2,1,03,,31,FEMALE,False,False,03,07,,,01,01,01,,False,,,,,,,,,
32482844,1,1,03,11/19/2023 12:00:00 AM,56,FEMALE,False,True,01,,,,01,01,01,,False,,,,,,,,,
32439584,2,2,01,,38,FEMALE,True,False,05,,11,01,01,01,01,False,False,,,,,True,False,False,False,
32439584,,3,07,,42,FEMALE,,,,,,,,,,,,,,,,,,,,
32360109,2,2,01,,48,FEMALE,True,False,05,,11,01,01,01,01,False,False,,,,,True,False,False,False,
32360109,2,3,02,,27,FEMALE,False,False,05,,13,01,01,01,01,,,,,,,,,,,
32385868,1,1,01,,56,FEMALE,True,False,05,,11,01,01,01,01,False,False,,,,,True,False,False,False,
32385868,1,2,02,,49,FEMALE,False,False,05,,13,01,01,01,01,,,,,,,,,,,
32385868,2,3,03,,31,FEMALE,False,False,05,,,,01,01,01,,False,,,,,,,,,
32288796,2,1,03,,35,FEMALE,True,True,04,07,,,01,01,01,,False,,,,,,,,,
32288796,1,2,01,,22,FEMALE,True,False,05,,11,01,01,01,01,False,False,,,,,True,False,False,False,
32343950,2,1,03,,41,FEMALE,False,True,04,07,,,01,01,01,,False,,,,,,,,,
32352521,1,1,03,,47,FEMALE,False,True,03,06,,,01,01,01,,False,,,,,,,,,
32352521,2,2,01,,53,MALE,True,False,05,,11,01,01,01,01,False,False,,,,,True,False,False,False,
32352521,,3,07,,26,MALE,,,,,,,,,,,,,,,,,,,,
32354818,1,1,01,,88,MALE,True,False,05,,11,01,01,01,01,False,False,,,,,True,False,False,False,
32290093,2,1,03,,39,MALE,True,True,02,07,,,01,01,01,,False,,,,,,,,,
32290207,1,1,05,,14,MALE,True,False,05,,,09,01,01,01,,,,,,,,,,,
32290207,2,2,01,,20,MALE,False,False,05,,11,01,01,01,01,False,False,,,,,True,False,False,False,
32304213,1,1,01,,24,MALE,True,False,05,,11,01,01,01,01,False,False,,,,,True,False,False,False,
32304213,2,2,03,,27,MALE,False,True,03,08,,,01,01,01,,False,,,,,,,,,
32332055,1,1,03,,46,MALE,False,True,04,04,,,01,01,01,,False,,,,,,,,,
32332055,2,2,03,,50,MALE,False,False,04,06,,,01,01,01,,False,,,,,,,,,
32332055,3,3,01,,21,MALE,True,False,05,,11,01,01,01,01,False,False,,,,,True,False,True,False,
32333797,1,1,03,,40,MALE,False,False,03,01,,,01,01,01,,False,,,,,,,,,
32333797,2,2,01,,26,MALE,True,False,05,,11,01,01,01,01,False,False,,,,,True,False,False,False,
32338565,2,1,03,,14,MALE,False,False,05,,,,01,01,01,,False,,,,,,,,,
32389937,1,1,03,,20,MALE,False,True,03,,,,01,01,01,,False,,,,,,,,,
32389937,2,2,01,,65,MALE,True,False,05,,11,01,01,01,01,False,False,,,,,True,False,False,False,
32407801,1,1,01,,29,MALE,True,False,05,,11,01,01,01,01,False,False,,,,,True,False,False,False,
32407801,2,2,03,,23,MALE,True,False,05,,,,01,01,01,,False,,,,,,,,,
32410908,1,1,03,,19,MALE,True,True,04,06,,,01,01,01,,False,,,,,,,,,
32410908,2,2,01,,47,MALE,True,False,05,,11,01,01,01,01,False,False,,,,,True,False,False,False,
32439584,,4,07,,36,MALE,,,,,,,,,,,,,,,,,,,,
32442128,1,1,01,,45,MALE,False,False,05,,11,01,01,01,01,False,False,,,,,True,True,True,True,
32439584,1,1,03,,63,MALE,True,True,03,04,,,01,01,01,,False,,,,,,,,,
32355969,1,1,03,,60,MALE,True,False,04,05,,,01,01,01,,False,,,,,,,,,
32360109,1,1,03,,14,MALE,False,True,03,01,,,01,01,01,,False,,,,,,,,,
32482844,2,2,01,,46,MALE,True,False,05,,11,01,01,01,01,False,False,,,,,True,False,False,False,
32529812,2,2,03,,5,MALE,True,True,04,01,,,01,01,01,,False,,,,,,,,,
32529812,3,3,03,,42,MALE,True,True,04,06,,,01,01,01,,False,,,,,,,,,
32515215,2,3,02,,18,MALE,False,False,05,,13,01,01,01,01,,,,,,,,,,,
32442128,2,3,03,,70,MALE,True,False,05,,,,01,01,01,,False,,,,,,,,,
32460071,1,1,03,,16,MALE,True,False,03,,,,01,01,01,,False,,,,,,,,,
32460071,2,2,01,,40,MALE,True,False,05,,11,01,01,01,01,False,False,,,,,True,False,False,False,
32541193,1,2,02,,46,MALE,False,False,05,,13,01,01,01,01,,,,,,,,,,,
32534135,,4,07,,32,MALE,,,,,,,,,,,,,,,,,,,,
32534137,1,1,01,,33,MALE,True,False,05,,11,01,01,01,01,False,False,,,,,True,False,False,False,
32553809,2,2,03,,28,MALE,False,True,03,07,,,01,01,01,,False,,,,,,,,,
32556652,2,2,03,,12,MALE,False,True,04,07,,,01,01,01,,False,,,,,,,,,
32573419,1,1,01,,19,MALE,True,True,03,01,11,06,01,01,01,False,False,,,,,True,False,False,False,
32573419,2,2,01,,49,MALE,False,False,05,,11,01,01,01,01,False,False,,,,,True,False,False,False,
32534135,1,1,01,,42,MALE,True,False,05,,11,01,01,01,01,False,False,,,,,True,False,False,False,
32575928,2,1,03,,11,MALE,False,True,04,04,,,01,01,01,,,,,,,,,,,
32582594,1,1,01,,69,MALE,True,False,05,,11,01,01,01,01,False,False,,,,,True,False,False,False,
32600421,1,1,01,,58,MALE,True,False,05,,11,01,01,01,01,False,False,,,,,True,False,True,False,
32584212,2,3,08,,63,MALE,True,False,,,,,01,01,01,,,,,,,,,,,
32584212,1,1,03,,25,MALE,False,False,05,,,,01,01,01,,False,,,,,,,,,
32609097,1,2,01,,28,MALE,True,False,05,,11,01,01,01,01,False,False,,,,,True,False,False,False,
32606829,,4,07,,55,MALE,,,,,,,,,,,,,,,,,,,,
32600421,,3,07,,22,MALE,,,,,,,,,,,,,,,,,,,,
32606829,1,1,03,,71,MALE,True,True,02,07,,,01,01,01,,False,,,,,,,,,
32606829,2,2,01,,72,MALE,True,False,05,,11,01,01,01,01,False,False,,,,,True,False,False,False,
32615684,2,3,02,,12,MALE,False,False,05,,13,01,01,01,01,,,,,,,,,,,
32631613,3,3,03,,61,MALE,False,True,03,05,,,01,01,01,,False,,,,,,,,,
32636403,1,1,05,12/20/2023 12:00:00 AM,46,MALE,True,True,01,01,,07,01,01,01,,,,,,,,,,,
32639950,3,4,01,,60,MALE,True,False,05,,11,01,01,01,01,False,False,,,,,True,False,True,False,
32652392,1,1,01,,80,MALE,True,False,05,,11,01,01,01,01,False,False,,,,,True,False,False,False,
32652392,2,2,03,,71,MALE,False,True,04,08,,,01,01,01,,False,,,,,,,,,
32637611,2,3,05,,22,MALE,True,False,05,,,09,01,01,01,,,,,,,,,,,
32639950,1,1,03,,27,MALE,True,True,01,,,,01,01,01,,,,,,,,,,,
32637611,1,1,01,,76,MALE,True,False,05,,11,01,01,01,01,False,False,,,,,True,False,False,False,
32672739,2,2,01,,56,MALE,True,False,05,,11,01,01,01,01,False,False,,,,,True,False,False,False,
32672739,3,3,01,,28,MALE,False,False,05,,11,01,01,01,01,False,False,,,,,True,False,False,False,
32672739,3,4,02,,48,MALE,False,False,05,,13,01,01,01,01,,,,,,,,,,,
32751520,,4,07,,,MALE,,,,,,,,,,,,,,,,,,,,
